Grant.Application.ID,Grant.Status
1,0.8427545721203523
2,0.9110376509682996
3,0.4012694615289497
4,0.980662522326476
5,0.14898197108392489
6,0.9698951299694599
7,0.738234399575233
8,0.900653937378165
9,0.9904016275130367
10,0.28405371763960735
11,0.2946455196661706
12,0.0002761297227357268
13,0.5876862658220761
14,0.7583864838480694
15,0.9387722443968282
16,0.8561725505416438
17,0.8449536557424044
18,0.9324996881998833
19,0.9424670487306912
20,0.12018209777998079
21,0.7066219299597783
22,0.8459925541872159
23,0.8472261595590135
24,0.9437917509534898
25,0.23488169079377708
26,0.7056454562141599
27,0.9700311107491032
28,0.9368004240398002
29,0.9969392332506221
30,0.847322413109214
31,0.7977435266817606
32,0.8338280516258278
33,0.672642702904047
34,0.04364977964735642
35,0.7052147583436743
36,0.9596448340328955
37,0.24210436411242953
38,0.831091122220099
39,0.2747790373511077
40,0.9771886070340783
41,0.6891953254574006
42,0.6046554797547592
43,0.6618265176577607
44,0.6436088940313447
45,0.9716224506614096
46,0.9764875432146221
47,0.729066973187803
48,0.9899584081437489
49,0.4434025740989942
50,0.7747061792834664
51,0.9317855155158105
52,0.9317478444291903
53,0.9826796675054017
54,0.9119535377230684
55,0.7869123571846127
56,0.018107624839753318
57,0.993568572174179
58,0.8760948004869265
59,0.7573985144430079
60,0.8456462057141368
61,0.308263461588652
62,0.853395012472851
63,0.9765208080747073
64,0.8475880601018956
65,0.9812507475729313
66,0.9850855217218468
67,0.7801789542405881
68,0.6997039909630097
69,0.49279512981517365
70,0.978508691414536
71,0.9043244836639068
72,0.9142343442133165
73,0.40742779412637026
74,0.39324234544328435
75,0.8021699842034503
76,0.8877930230961792
77,0.6648842402790143
78,0.7328242191813049
79,0.894333892167083
80,0.8771856055186985
81,0.7850487089949858
82,0.8308961070260863
83,0.15134679153501193
84,0.999071502021657
85,0.9918335196818366
86,0.6090402715469299
87,0.7412258622051936
88,0.9911472593849305
89,0.9182218527494838
90,0.8745531789669914
91,0.005275343921905364
92,0.6750812464783724
93,0.8836568939283538
94,0.9329559336209367
95,0.9605848830255099
96,0.5015148986091494
97,0.21379331794985673
98,0.8940880161513699
99,0.9852860511042272
100,0.4066123363025078
101,0.11565378253194299
102,0.929069525923749
103,0.437910118911852
104,0.8635844990696155
105,0.4555314311064389
106,0.4945345444009898
107,0.5503540675836289
108,0.1363468943206377
109,0.9725921976975215
110,0.9339495284674888
111,0.03388725134768571
112,0.9957771955331048
113,0.08679866814067523
114,0.9954379478213086
115,0.1626031950034156
116,0.34836498551231676
117,0.5097554740156514
118,0.6903949501157147
119,0.6917801624406432
120,0.01864038016633105
121,0.9833496965136218
122,0.03493188683246257
123,0.9090083587556121
124,0.3105391191323234
125,0.3343588614659411
126,0.5455380383275641
127,0.7191437887061047
128,0.9586722450222711
129,0.6973940541369368
130,0.776134743110526
131,0.9400988199873022
132,0.8463333126680428
133,0.9080338802954366
134,0.9750083805661218
135,0.8683226224494316
136,0.38698508109595825
137,0.9231304117165866
138,0.9268067155421128
139,0.9078927508825964
140,0.9328583322469354
141,0.9083462396123626
142,0.9771086956672549
143,0.47867859999033946
144,0.014688606661509963
145,0.9387764119687414
146,0.965658286407369
147,0.15211292614935165
148,0.6148069595759371
149,0.001592453075510783
150,0.8007908346925429
151,0.9374664975471109
152,0.003716366186070619
153,0.9915209308398719
154,0.17210234309476077
155,0.158519747688691
156,0.9904840268977654
157,0.7525252287020343
158,0.9708804471769801
159,0.9704867194096345
160,0.5354793298342179
161,0.6781164087661071
162,0.32542964179682704
163,0.9522740164693548
164,0.9243451496602089
165,0.9971274409055216
166,0.11577755060141272
167,0.0008271962781063757
168,0.9339617565385566
169,0.9987710176819397
170,0.7132608960081732
171,0.8449484058373765
172,0.710153750523481
173,0.437159976020567
174,0.23220224131852157
175,0.5380497079121866
176,0.9536260857105922
177,0.20370293285027044
178,0.9346142232843228
179,0.8799857739370469
180,0.6686566359537045
181,0.38439677287200524
182,0.9397059934108196
183,0.9524797316885629
184,0.9339824888619328
185,0.7171290451985383
186,0.8236692419600564
187,0.03861097165311772
188,0.9143521842597774
189,0.6620121129560841
190,0.9539357424822741
191,0.017489199031284035
192,0.9346897546915847
193,0.8841142894865719
194,0.038409816894235414
195,0.8678902102754442
196,0.9545065048853293
197,0.9527170796370132
198,0.3966296872464627
199,0.810012075450851
200,0.5060789407143654
201,0.5843506675878549
202,0.02821416521795562
203,0.821345321312745
204,0.8371523141295121
205,0.7404925189597956
206,0.0022974038030863075
207,0.7404925189597956
208,0.24565757221707732
209,0.2757469895793838
210,0.40733049127171556
211,0.9574149748514463
212,0.8449574158394648
213,0.978140432471005
214,0.756203669151847
215,0.453767091223885
216,0.9627684582922802
217,0.5607754121862522
218,0.6047919310959635
219,0.6813536471936976
220,0.9893408284086717
221,0.9659022433252147
222,0.013425378714701624
223,0.10106024765974017
224,0.8803845390271003
225,0.00033611453151145024
226,0.5045423912365083
227,0.0009239385701639834
228,0.002733073052013323
229,0.0023394313676156245
230,0.9988932684735712
231,0.001906210652272714
232,0.3151360055006874
233,0.9749199430233576
234,0.6203777287889678
235,0.09863407785088307
236,0.013324397409391878
237,0.8329559062890545
238,0.9971888779285983
239,0.6155703602664881
240,0.6839240487435394
241,0.948924398818747
242,0.948924398818747
243,0.3658043659823217
244,0.20368096507333824
245,0.9710497217397084
246,0.8757434576393766
247,0.40132317074398766
248,0.37370368511903174
249,0.13687364413200842
250,0.31404335609296274
251,0.8714123179502661
252,0.7844946414235123
253,0.28029761640848383
254,0.9411104156721805
255,0.005762211273944799
256,0.2729342860604493
257,0.0002224075528739499
258,0.5346430020656564
259,0.16385700993769242
260,0.9855955651328664
261,0.886658847899979
262,0.854815923634557
263,0.004318355862554555
264,0.8915947638150866
265,0.5824061111610876
266,0.9296947834024091
267,0.7368848076833021
268,0.993568572174179
269,0.02779322510293184
270,0.32398791494258905
271,0.8777275094590443
272,0.23199852114368372
273,0.920082881346229
274,0.8474182672052619
275,0.9952886267247272
276,0.6255799798943869
277,0.9287016258751842
278,0.26632028392075935
279,0.944119277615143
280,0.9839957032797901
281,0.9892912381128584
282,0.9982759987860079
283,0.71658637796705
284,0.2603575881895888
285,0.023872726979593282
286,0.9894539187422813
287,0.8731714230300607
288,0.9926041465890033
289,0.9009176505026122
290,0.355822805254097
291,0.6929939176710775
292,0.764101164937645
293,0.839292575909527
294,0.026088624234808122
295,0.48315796931008553
296,0.8642672368518953
297,0.39169041971117446
298,0.9150359186237571
299,0.5892858518029235
300,0.30457064192017014
301,0.5225482641623175
302,0.8397013373634893
303,0.8280636720967363
304,0.8510266915480148
305,0.28667447002321156
306,0.7739625194789641
307,0.8104437366801919
308,0.004556173882642237
309,0.45798554026366894
310,0.18996713658037903
311,0.010714442142391199
312,0.2010945175726505
313,0.5925631515962269
314,0.998089385536468
315,0.24499649682035277
316,0.9379622290683121
317,0.8585653215184901
318,0.9379622290683121
319,0.9379622290683121
320,0.9379622290683121
321,0.8529239947800372
322,0.9979457379146116
323,0.998089385536468
324,0.0011792388229018148
325,0.0036919320809501665
326,0.003650838574923047
327,0.015036003156028738
328,0.002799987001686745
329,0.00420097663340434
330,0.004476241462091472
331,0.001210880985214843
332,0.006751767776282568
333,0.001902994266704256
334,0.0014099283269608126
335,0.0032242029423321986
336,0.0011792388229018148
337,0.003022001436881721
338,0.002745422356990495
339,0.06615821383412553
340,0.0007107176932407918
341,0.006974850262191959
342,0.008802713508438323
343,0.8426757560237875
344,0.001902994266704256
345,0.0003070722780457596
346,0.0002899254636999816
347,0.00015890836869809878
348,0.0012280770299740531
349,0.0019054451026488829
350,0.004447349860223436
351,0.8934008851656604
352,0.01791860459818056
353,0.00035684328152260587
354,0.0006170367796330656
355,0.0006184104063083132
356,0.001809496113219201
357,0.0019768125674808896
358,0.0007414577494120968
359,0.0002685407955814986
360,0.0017564561065195575
361,0.5810377254598733
362,0.0009728061971706734
363,0.005779063310225709
364,0.7692610409167777
365,0.4716562849152954
366,0.00352994966711857
367,0.022792182092891626
368,0.0006551516464191078
369,0.002595739120675304
370,0.002431714323424593
371,0.00014639231754091193
372,0.0008309097494489691
373,0.4012596156675615
374,0.0017352118019052008
375,0.0005567645717112915
376,0.0013142142586019794
377,0.0025144847537710386
378,0.0013321490165734513
379,0.001902994266704256
380,0.7020144293184384
381,0.003626124134111944
382,0.0021633542552166166
383,0.998760222952856
384,0.7241924902745465
385,0.9836286106226357
386,0.0016930826173922797
387,0.0005470800017878385
388,0.0003167733750782514
389,0.0013635036744274562
390,0.32278798778757034
391,0.00010443713460566692
392,0.001902994266704256
393,0.47194651024166867
394,0.0021180772954463504
395,0.00017522584036014572
396,0.8953926917574692
397,0.0001145334735050773
398,0.0008725002188536712
399,0.7189178043366925
400,0.0010372607441142224
401,0.0011792388229018148
402,0.0036308002779909614
403,0.0013142142586019794
404,0.0009352624022696826
405,0.02988517105609496
406,0.00039648985280864513
407,0.001902994266704256
408,0.00014154512267769981
409,0.000782301489221042
410,0.7836238447405582
411,0.0029858269715040573
412,0.34127382419612695
413,0.003949444881346122
414,0.7694426049129368
415,0.7981066800340476
416,0.8625858272115915
417,0.9747434798799347
418,0.001902994266704256
419,0.0001374812694531452
420,0.00048153755861358576
421,0.7808224909672171
422,0.007702764190617908
423,0.8370200935061106
424,0.0006829923700787528
425,0.00025285731887915794
426,0.7519107035395799
427,0.5577257591686546
428,0.7710505170918319
429,0.001902994266704256
430,0.0003159335949553165
431,0.005475596664344219
432,0.9634286058495345
433,0.005449643708640375
434,0.0013537500124931358
435,0.0017787705065316047
436,0.0016188305058383588
437,0.001902994266704256
438,0.001495758502313055
439,0.6925131831083653
440,0.1587505835427369
441,0.4291801163010328
442,0.5828212895840593
443,0.9956576584571237
444,0.022469936266518557
445,0.7207011527509077
446,0.9400394754290057
447,0.995390153067499
448,0.7169386626470605
449,0.6641639325775197
450,0.0005415159253623279
451,0.001780310437500965
452,0.25866872143543856
453,0.027362847760922546
454,0.6154135637382733
455,0.8046160554549515
456,0.17594366573433842
457,0.5875033907924847
458,0.0053581075996987975
459,0.9953420980092066
460,0.018928126379425387
461,0.004837331076592264
462,0.17621389617593686
463,0.62279242579946
464,0.005436786930906762
465,0.003961851273216161
466,0.014316861502057566
467,0.0009096908190893111
468,0.05616682968656616
469,0.9852686124511788
470,0.16655174783896914
471,0.061262663735075
472,0.1106375893445643
473,0.0903587783402653
474,0.13293729075968289
475,0.24917802242107367
476,0.0245925537843724
477,0.0010382568775785842
478,0.22567192470884578
479,0.015622710136609397
480,0.0005545629168510828
481,0.034302668604849595
482,0.6676010118256261
483,0.6807753080133859
484,0.18008426752973355
485,0.3577048230850073
486,0.13795530475348383
487,0.23876739689291523
488,0.9972817574391992
489,0.0011901255560872908
490,0.8612502048463524
491,0.12710689543244463
492,0.1682178094726739
493,0.19043731214626874
494,0.5042352734814629
495,0.7768476772550671
496,0.02937883194716587
497,0.9815739309015805
498,0.9987252787949842
499,0.7391545235940099
500,0.01321779712868066
501,0.703960462904051
502,0.5256555595954193
503,0.5518721899135529
504,0.32147544062378874
505,0.22364910278914027
506,0.9212734918875294
507,0.2373714786204689
508,0.05154608399246266
509,0.11255203765775573
510,0.0076250831382596515
511,0.0065305546807198234
512,0.861970011616607
513,0.004699630172518224
514,0.048400770544601554
515,0.007484747832140989
516,0.861970011616607
517,0.03528283399018772
518,0.4388122912396175
519,0.9895701590567276
520,0.05851132124842351
521,0.03306852620762811
522,0.9685902589593917
523,0.8977458771587532
524,0.002092901048862912
525,0.1683211374003075
526,0.557802761866001
527,0.48712689208520366
528,0.14534035369033022
529,0.22750042917240593
530,0.561944003923913
531,0.19920665919922553
532,0.1298925752012833
533,0.11298189616307613
534,0.41241459665765906
535,0.105684686538226
536,0.025757143410612676
537,0.11285619598815645
538,0.9954052539959136
539,0.658438963563705
540,0.8127005621616831
541,0.7164446039214808
542,0.5498945778459994
543,0.4560336644612559
544,0.8132318801973428
545,0.3379244513196502
546,0.013535570318146777
547,0.3373153453951419
548,0.8303429797036425
549,0.6389109758883681
550,0.7398599832296784
551,0.2839734332411222
552,0.6159225419747395
553,0.9998949862417944
554,0.4878492805697848
555,0.9309279366629201
556,0.2461416551522806
557,0.9985150875405676
558,0.9375632272719804
559,0.00012763239979411928
560,2.060243506992233e-05
561,0.925911053106642
562,0.7865859419590786
563,0.8885977966824923
564,0.995924581091026
565,0.5580462934047337
566,0.9797744309756581
567,0.5903951675519202
568,0.962235492910013
569,0.4134517351682949
570,0.8331183256579802
571,0.148555291858736
572,0.18741816667628097
573,0.0009771357390603952
574,0.00017750850688003645
575,0.9972431015709471
576,0.9991734657338194
577,0.00010871134998808076
578,0.00046732317223754406
579,0.9547437655804937
580,0.23022537530155993
581,0.8424914527575926
582,0.0020678437807025904
583,0.8080487829470595
584,0.713443757934428
585,0.8276476702583628
586,0.002256659898583397
587,0.20797806775329314
588,0.9835801689677802
589,0.009515979416130789
590,0.004234186772624262
591,0.7486246686536113
592,0.9836841174931024
593,0.02077742334642381
594,0.0003009473980307723
595,0.007331101691696693
596,0.0011172620983660795
597,0.1574066989860191
598,0.0015869048404678896
599,0.026735667142555975
600,0.5830119905589521
601,0.0022863884604458254
602,0.9813753308047815
603,0.7846635542825191
604,0.0009814300642285196
605,0.044532116771123925
606,0.1690425610363686
607,0.001479189431654305
608,0.010052267966962352
609,0.710196956220368
610,0.00010871134998808076
611,0.662252174176955
612,0.9352677842101701
613,0.8293839363181081
614,0.011348722314327365
615,0.9272670903397426
616,0.011748590651519293
617,0.0005277949974650425
618,0.00896673845741824
619,0.020376274398903507
620,0.06403069695078323
621,0.15376780222174166
622,0.5259358986901961
623,0.0428114714222839
624,0.8980905471567275
625,0.9705669141166149
626,0.0875103250173936
627,0.403498143691077
628,0.7394565627744177
629,0.0027783955390521388
630,0.04744344224251473
631,0.14517479049659557
632,0.39826079528632763
633,0.8722867618565571
634,0.2568754109464719
635,0.9861373544857219
636,0.7157145533448237
637,0.508090501572561
638,0.9573653907447761
639,0.00012821442923117578
640,0.007557878423888836
641,0.00026405627936264156
642,0.0008396399605215511
643,0.00065423076055247
644,0.0005522051805799277
645,8.36040166326057e-05
646,0.0025482243817507473
647,0.008897394693470015
648,0.0005083448132129336
649,0.00115571022884312
650,0.00021354455701479055
651,0.001717201421430121
652,0.00044494839153026147
653,0.9215143369724886
654,0.08433897032387537
655,0.000483594467916228
656,0.00017133677638101808
657,0.0031297847159542378
658,0.0003545397954128057
659,0.00015144483216865414
660,0.0060076802290548745
661,0.00016127036913052368
662,0.001605867079170636
663,0.0007023566839148122
664,0.7252588029635829
665,0.005370255511344793
666,0.0007848925119807904
667,0.7754338595442306
668,0.0010812385538972527
669,0.0006810966436616875
670,0.013436207638442188
671,0.014006812639332228
672,0.00022120965092770105
673,0.003117507499603617
674,0.004755012532348188
675,0.000927597602761987
676,0.9430475116636613
677,0.003134571801505972
678,0.907272358348002
679,0.0003851806303556428
680,0.8595081641828964
681,0.7422731589033155
682,0.9055735133956531
683,0.002199349352951509
684,0.7326506740135013
685,0.002061629772067166
686,0.8812307360023466
687,0.0033934741893767045
688,0.44971212603729577
689,0.0004037191257649177
690,0.00015685477534424508
691,0.9943624320451697
692,0.056604089529452846
693,0.0006741935314031356
694,0.0031347864326816497
695,0.009586992477986568
696,0.9795958886988542
697,0.0036123151946542103
698,0.9433565045713128
699,0.86701884342156
700,0.00019112482989569875
701,0.8156528379704208
702,0.012920203829176169
703,0.9646748761565894
704,0.4546552519914824
705,0.005170739317271747
706,0.00033466139746190577
707,0.020020483313643634
708,0.08266996875290188
709,0.002238834433786611
710,0.0013914913951495371
711,0.9292371585297182
712,2.1118854952085656e-05
713,0.0009061231182442196
714,0.0006331168204684677
715,0.0005543099871284069
716,0.9806588184484437
717,0.00028604376056426894
718,0.1455707544072792
719,0.0004727767406373225
720,0.3117762956194808
721,0.02063685536315097
722,0.029560641989865497
723,0.0001628633578698494
724,0.0007545977307615166
725,0.0007765673273283595
726,0.005161173510771972
727,0.6520183346389016
728,0.00022167918204438195
729,0.00082787538776145
730,0.05046885405098166
731,0.00020130127751768613
732,0.0002595702542597191
733,0.5321738610091008
734,0.0007234674997433481
735,0.000647296656356186
736,0.8672381909903218
737,0.871300471182881
738,0.0013456920768731343
739,0.28152208759672953
740,0.0007528184696332985
741,0.0002781801052635232
742,0.007902619626491287
743,0.5679116499118256
744,0.0003911610342216151
745,0.0002568196996291909
746,0.0006192954032922739
747,8.440307312446795e-05
748,0.00014273506924792693
749,0.0008123397946359562
750,0.6516457415487388
751,0.9825361278220548
752,0.0009061231182442196
753,0.0002882938859985025
754,0.9449525658710888
755,0.000527587878571022
756,0.0032316187090360993
757,0.010474292688149669
758,0.0017680873045239109
759,0.0007123223534747313
760,0.8455084754819573
761,0.001622656055199342
762,0.004755012532348188
763,0.0007247287936303132
764,0.00024290842369121084
765,0.0008695469022429083
766,0.9682866121797498
767,0.00023844096649947185
768,8.80618650961797e-05
769,9.344228335457977e-05
770,0.02008087274191135
771,0.9404165550065532
772,0.0036402029284343294
773,0.0003318003577207023
774,0.0003737526821721886
775,0.8035510823343702
776,0.00038990997789844383
777,0.6403184071514086
778,0.028230487467834287
779,0.001003551051753419
780,6.277081043406163e-05
781,0.0009780564638731367
782,0.847616175962177
783,0.0006240348297111003
784,0.00026815490778806867
785,0.7336463404976
786,0.0003101949018169755
787,0.0002379322678071569
788,0.0031324282240882064
789,0.000677467515260086
790,0.9997250007098183
791,0.985237999557986
792,0.001236188668230706
793,0.539857183379022
794,0.0013975665265045802
795,0.6373872748387089
796,0.02919172315058597
797,0.010700743102943788
798,0.3657686028743829
799,0.0014285751299176522
800,0.7798303512636379
801,0.0005445167355796398
802,0.00014481077802384142
803,0.0005454278516312942
804,1.9132987710771356e-05
805,0.46893869164184276
806,0.005281126931411347
807,0.005795153927102599
808,0.00011591382494321232
809,0.00036056690542003695
810,0.0001817966473481038
811,0.30431727006086284
812,0.0046066205095411225
813,0.00030235396028832466
814,0.00010221484656801208
815,0.0017148871835503208
816,0.0010088597286231507
817,0.003450423144649956
818,0.0004610744340282644
819,0.010459139941517183
820,0.00015629220075331205
821,0.0016970806505623548
822,0.0008788735435932673
823,0.9272315437536908
824,0.00046026192264655345
825,0.0010708355887978302
826,0.00037957610915087574
827,0.9510486926569944
828,0.0009061231182442196
829,0.9147658166950078
830,0.0008786061318999492
831,0.0010795015882621268
832,0.9838111505825542
833,0.0004013155164014028
834,0.5566119824738486
835,0.9263271409869304
836,0.0013676955977053582
837,0.012534739382633874
838,0.9439060258719424
839,0.00661894376554569
840,0.8068333190162555
841,0.017293649623586857
842,0.00012510564654884325
843,0.00023578425279334125
844,5.060317651972697e-05
845,0.006600626758938198
846,0.6526847830624479
847,0.658502743167737
848,0.0008437449249937572
849,0.0003285730290324893
850,0.013111545750886787
851,0.00048600752435367826
852,0.5022798265629088
853,0.8359793670793589
854,0.00015857532386857504
855,0.0009061231182442196
856,0.0008933944939011115
857,0.8204543813526017
858,0.00020610476490731607
859,0.9740310524071074
860,0.0012224304980839105
861,0.6838782388576908
862,0.0013907310637638907
863,0.9327649164422022
864,0.0005338633416356879
865,0.5034244217843511
866,0.7489769966450027
867,0.001228289421729888
868,0.014243420112474666
869,0.0004522450041430106
870,0.00038807715690929384
871,0.0010987569452185035
872,0.00023021228162333385
873,0.0002544921300051615
874,0.8654563761695298
875,0.00015286435387867672
876,3.5859241538911366e-05
877,0.9773269414057891
878,0.001842575005748901
879,0.9881899517142371
880,0.8471597362536717
881,0.016317671645118315
882,0.6730181053535153
883,0.5575465450467002
884,0.0029072098831119317
885,0.843471675406144
886,0.0029892659701747522
887,0.15664219563867327
888,0.00032788102230545916
889,0.0006759283446355858
890,0.0013396505067448047
891,0.00033828914408859856
892,0.0005915074515385507
893,0.08624570295473571
894,0.8482894644140688
895,0.009704814137972606
896,0.0002204101777963312
897,0.00177014960522086
898,0.0008641893521381007
899,0.0003604210618773416
900,0.0004275566161930822
901,0.9877169137051496
902,0.0071240323586323024
903,0.2735105718397323
904,0.001068192157040171
905,4.038385449180205e-05
906,0.1702271243302275
907,2.4894215835127354e-05
908,0.008889843123764424
909,0.0004136046201437767
910,0.9756294936666461
911,0.015065763956824952
912,0.0009437464860545342
913,3.171802917799171e-05
914,0.5057278206638268
915,0.0002287809315163348
916,0.002546352525701209
917,0.6169824707025809
918,0.00040969314518370705
919,0.0008132566249111892
920,0.009476495292901567
921,0.962632345266337
922,0.0027697306171490244
923,0.0026366266836843804
924,0.000811198803739555
925,0.006721517587491187
926,0.0004800644032188947
927,0.00017768191656788337
928,0.9293855412309118
929,0.0006238046070725535
930,0.048560607769823225
931,0.001161251263670501
932,0.9657435250975462
933,0.0009061231182442196
934,0.05240368282912674
935,0.004986523939454667
936,0.6230324966854364
937,0.00038509270025862736
938,0.0004991847523474068
939,0.7995157846979309
940,0.0009364244263070458
941,0.0007777457363207376
942,0.8598917318259844
943,0.0006331168204684677
944,0.0008781686949771482
945,0.001024166074152385
946,0.00029582291691479556
947,0.2218738301327566
948,0.005370255511344793
949,0.00022001328398662222
950,0.0010306772079013613
951,1.1959660511073924e-05
952,5.552890554680127e-05
953,0.9939037716193303
954,0.9633188461104565
955,0.0038388274747968108
956,0.0003604870107157944
957,0.0026171139071350814
958,0.0006336716160827103
959,0.0005959366982961139
960,0.0005489317244513206
961,0.02554991265135108
962,0.00977064729477445
963,9.581960305870798e-05
964,0.00048757434332497024
965,0.0007814905343775632
966,0.0005244522870901815
967,0.00840365186900681
968,0.9556244000530302
969,0.93691512382074
970,0.0034397462578742905
971,0.8576154168752389
972,0.04201657525156347
973,0.003979097997921988
974,0.5004675423274595
975,0.004174989757811577
976,0.015496669215762534
977,0.016857694147413498
978,0.09226346610092036
979,0.9763590662583609
980,0.8167978342630237
981,0.0021968881101050016
982,4.6870826515079295e-05
983,0.0012619235655245958
984,0.00151873606224256
985,0.9402380613657246
986,0.4771659762055948
987,0.0005105236026059742
988,7.521439875722035e-05
989,0.0004655350691289978
990,6.0915744870974514e-05
991,0.3136444561845097
992,0.08947065230558111
993,0.6107703434955192
994,0.20672091710129487
995,0.4574346121241579
996,0.8775887284623343
997,0.6481706740898977
998,0.14936025481215334
999,0.46542368277256063
1000,0.4340912672814068
1001,0.6562781503785409
1002,0.7833551202428277
1003,0.006780397089395154
1004,0.0028687930570174473
1005,0.9457780926507188
1006,0.9334058621222602
1007,0.6224130465234416
1008,0.7393694671561468
1009,0.0005158469817656686
1010,0.8332637994476129
1011,0.0049705161462854815
1012,0.974600923326378
1013,0.8994331984082644
1014,0.0021768891084774167
1015,0.004626506027203921
1016,0.8063315301954609
1017,0.9079180019525013
1018,0.6246306281752079
1019,0.966107919311826
1020,0.8187409377900204
1021,0.8260137739333732
1022,0.5980765988682125
1023,0.723669992239254
1024,0.9846067366676874
1025,0.0008294051260345728
1026,0.9502419337909358
1027,0.002502405571059731
1028,0.7854528446665215
1029,0.31683026400020137
1030,0.003053160934537386
1031,0.0031815886621265853
1032,0.9039399866962672
1033,0.9567957152953648
1034,0.0014190973234081033
1035,0.3940795202969073
1036,0.8553054259406007
1037,0.39185352978300464
1038,0.005208897234598254
1039,0.3783966621899069
1040,0.9621841196419507
1041,0.0018237437203726652
1042,0.003442097700986611
1043,0.0013052678126294767
1044,0.11448802038343871
1045,0.006034335180977283
1046,0.0028687930570174473
1047,0.5871094875481341
1048,0.9706521019676145
1049,0.9602182388224827
1050,0.6887961292488355
1051,0.030507780193249706
1052,0.9787178528482811
1053,0.003896201076947087
1054,0.909935726723973
1055,0.7797824557416368
1056,0.902662626740268
1057,0.0044184317418555245
1058,0.0014224186982106702
1059,0.67454383762411
1060,0.0028819550430059042
1061,0.878697178781413
1062,0.0025556417889822714
1063,0.0018358414887631048
1064,0.006768441052446047
1065,0.11805547761131022
1066,0.6725260106525358
1067,0.47886406865810666
1068,0.841861679511284
1069,0.9197124809691969
1070,0.0014856552277995817
1071,0.8303730289397651
1072,0.003514693831561986
1073,0.8428187053999034
1074,0.8415377833501447
1075,0.6425560207379667
1076,0.0039590795881480605
1077,0.0021654824502902203
1078,0.0005343425633924268
1079,0.7688997564445388
1080,0.8553054259406007
1081,0.3599966334645153
1082,0.009075263688554377
1083,0.9379808294895886
1084,0.00599645278558017
1085,0.24054957007447528
1086,0.0004374837113864869
1087,0.000302127385204304
1088,0.001037010295280763
1089,0.021864673295319482
1090,0.0010580413263846752
1091,0.9931027441555392
1092,0.001500294384585008
1093,0.0011913819885694466
1094,0.001087166905629263
1095,0.020516510754965436
1096,0.0018560419292337948
1097,0.0018430769572582635
1098,0.0020636027567595304
1099,0.0059901346844017005
1100,0.002569794300348096
1101,0.020516510754965436
1102,0.8635605549999025
1103,0.0009021031246939961
1104,0.0008996270951144681
1105,0.8849023087982145
1106,0.0007584927830149887
1107,0.0011773721408175363
1108,0.3201647422495873
1109,0.0009052634700935334
1110,0.7422169891971088
1111,0.927756569061531
1112,0.0006814559316018763
1113,0.00033417715341667304
1114,0.9138040785468333
1115,0.0019486617853155972
1116,0.0041315649432102685
1117,0.9227652990919002
1118,0.760823165117589
1119,0.001431152385895726
1120,0.0008680680340963443
1121,0.01114020460628417
1122,0.7304651929165412
1123,0.00041931867116588064
1124,0.00047885145577806614
1125,0.002213326941730394
1126,0.800440648048395
1127,0.33688743673203536
1128,0.000586130419069079
1129,0.0001791021554389498
1130,0.0008473691999267362
1131,0.9739290325031232
1132,0.008518575678292764
1133,0.008218300431166925
1134,0.0066328497737593774
1135,0.0016360771667986598
1136,0.0015894174069934744
1137,0.0011802557395881044
1138,0.9745241512890586
1139,0.003566071133728815
1140,0.5713579813839278
1141,0.0014725527433052984
1142,0.0066328497737593774
1143,0.0006069075287323894
1144,0.0028557567579207926
1145,0.9527978008532232
1146,0.0026508707552954035
1147,0.7073396572147073
1148,0.9759196862094861
1149,0.0035085571384310607
1150,0.002012316277735334
1151,0.0058526319305606265
1152,0.0006340261362457037
1153,0.00023065967919986465
1154,0.0005382208486230288
1155,0.4299083792613763
1156,0.9588418601718159
1157,0.8993472990944228
1158,0.891150034318049
1159,0.20782938972389506
1160,0.5392073662778328
1161,0.019439451342568626
1162,0.2968580273409789
1163,0.0009019445549872142
1164,0.004871398759077274
1165,0.009974533446065952
1166,0.8849435903650943
1167,0.0010323567414996851
1168,0.0004587824535034936
1169,0.062304344300644215
1170,0.19506909871299025
1171,0.0005754067383061411
1172,0.03722832682836257
1173,0.9101339654860069
1174,0.1510901674847
1175,0.0002451029792108748
1176,0.004161253227510207
1177,0.17799568908072794
1178,0.1213248790908627
1179,0.00028719885151223405
1180,0.09866596822417079
1181,0.7763400229546926
1182,0.025964753744638816
1183,0.0004357988493089504
1184,0.0006151105169182776
1185,0.005772101065048195
1186,0.00012279286031822623
1187,0.000434283485997458
1188,0.7483474992145395
1189,0.40036576657993184
1190,0.37082382169011796
1191,0.0006491447573906673
1192,0.5543362493705818
1193,9.151091045609299e-05
1194,0.0004795069467123946
1195,0.0008369189386955013
1196,0.0003981685094531283
1197,0.00011972759467177916
1198,1.469175908948392e-05
1199,0.0016840131298003346
1200,0.0010620554275448343
1201,0.014169788917362364
1202,0.9997488680765081
1203,0.00022804371894487096
1204,0.00027835753485530557
1205,0.004209181015583089
1206,0.343485959954046
1207,0.023894375590452127
1208,0.360287562207918
1209,0.044022595928254214
1210,0.00025644070599733013
1211,0.6238367263461876
1212,0.978855603522304
1213,0.8514595078494686
1214,0.002641076515765033
1215,0.001996891689543102
1216,0.05454573948053619
1217,0.6074250034652596
1218,0.0005654034151878001
1219,0.004012611328409814
1220,0.004613699899594956
1221,0.43898429951695805
1222,0.6253334768191474
1223,0.0007674507761761467
1224,0.8770593754590306
1225,0.0019121610084874674
1226,0.5931045052584812
1227,0.8849435903650943
1228,0.11915759247498779
1229,0.07828721366175795
1230,0.001476562689971696
1231,0.9652243064194562
1232,0.001297393975990924
1233,0.003362271718317773
1234,0.005869264870292369
1235,0.0006265382218585273
1236,0.5998318970214899
1237,0.21184726641476717
1238,0.453130712544942
1239,0.9304504088572539
1240,0.6621746785220504
1241,0.0006317670680962824
1242,0.002499636800561107
1243,0.00014086923937188335
1244,0.00149884102572196
1245,0.36970334219778694
1246,0.00022152327124066675
1247,0.0006727949973896417
1248,4.3597922266414595e-06
1249,0.8658887850614554
1250,0.002857000384556502
1251,0.001153164150969831
1252,0.0005775202986618366
1253,0.6472433884887282
1254,0.0011145394925549225
1255,0.2763749014590672
1256,0.01094925239605946
1257,0.4969062452414326
1258,0.016630496697865826
1259,0.8379253029788666
1260,0.761681762545245
1261,0.005337035498098549
1262,0.6193344734446244
1263,0.00020810121900277328
1264,0.563717568369116
1265,0.7435268001297609
1266,0.006883781995491975
1267,0.9537745140395495
1268,0.4845451122810636
1269,0.001869396963001298
1270,0.031456673812230086
1271,0.008863989224009468
1272,0.00035442750854338876
1273,0.8317283674637832
1274,0.0004452995869081463
1275,0.005560431849591867
1276,0.002998980089929803
1277,0.0005278485305226737
1278,0.004760708783513111
1279,0.000973180593827336
1280,0.0031523563106548792
1281,0.012992033777363994
1282,0.00023549157137069774
1283,0.32911219392859875
1284,0.16473293869892788
1285,0.21084586879825226
1286,0.0024319128316394015
1287,0.0032866942865325322
1288,9.949999206788327e-06
1289,0.024617466243631824
1290,0.8183373212225791
1291,0.9444046930639407
1292,0.9161633358594757
1293,0.001253266139124789
1294,0.00014928906095484744
1295,0.005733530279532026
1296,0.006048856273347293
1297,0.000605552866665876
1298,0.5188663674280692
1299,0.9786456988429607
1300,0.0003719199869301239
1301,0.00010002336100228166
1302,1.044660052244338e-05
1303,0.0821133983474451
1304,0.0977615620394114
1305,0.00022623996866666068
1306,0.00023327203242000694
1307,0.09971496657338202
1308,0.00014169369951880407
1309,0.9697357626835128
1310,5.804400133016862e-05
1311,0.36380994415953893
1312,0.004738009587062741
1313,0.009463387633524048
1314,0.0013778690171471
1315,0.0007164834333313653
1316,0.0007886033954529622
1317,0.0007343650492309895
1318,0.01612459752340757
1319,0.0035610705563083145
1320,0.007633495490686564
1321,0.00034237265906817576
1322,0.0006029765505567071
1323,0.0002593156685972237
1324,0.02103721568577092
1325,0.1125011912488968
1326,0.29331032031186666
1327,0.006062238101819788
1328,0.000294722053835054
1329,0.0006452216535937844
1330,0.8438123199126648
1331,0.00019024362561814693
1332,0.3598663493245571
1333,0.043842067589317246
1334,0.012532736947316157
1335,0.0001351141302634414
1336,0.0010142678707799025
1337,0.7883666336151159
1338,0.7733747549214479
1339,9.812707564388738e-05
1340,0.004139106495235298
1341,0.9777866869166948
1342,0.005477377596495949
1343,0.010731939094201764
1344,0.07386136157694166
1345,0.0051159398094839945
1346,0.0015213843576609778
1347,0.0021765437786878303
1348,0.0005963681119371542
1349,0.7218881068487154
1350,0.0003434424339050891
1351,0.02333623728636892
1352,0.0023001404510731623
1353,0.013526022252992192
1354,0.8567646103852598
1355,0.0009993169981208185
1356,0.13743283185084426
1357,0.9806124812821175
1358,0.000510310431919614
1359,0.9778723462596839
1360,0.0015898842111867425
1361,0.038961276937335906
1362,0.0010555317819975227
1363,0.0032514552061422347
1364,0.3586082976888818
1365,0.8156700741517025
1366,0.9662185002444541
1367,0.0003698541692783337
1368,8.315670591648113e-05
1369,0.3880434185333262
1370,0.005606361094534892
1371,0.0005671763919765213
1372,0.007140348572585239
1373,0.6614625640856518
1374,0.0005756803480686396
1375,0.0004391379263579163
1376,0.00047476900834729735
1377,0.0007314390049625994
1378,0.0019543730144142408
1379,0.00024362835641740822
1380,0.5026512932452328
1381,0.001307069258377709
1382,0.040000441079029614
1383,0.0011194871592261465
1384,0.6773800154606177
1385,0.7586078165120997
1386,0.0010236531989339696
1387,0.0060071882599960135
1388,0.0009995869455239718
1389,0.7576309176119895
1390,0.0018308439271420534
1391,0.3033522758638796
1392,0.00024264483228161242
1393,0.9039459940635611
1394,0.864132386835962
1395,0.0016526947413477537
1396,0.7688184046804443
1397,0.0005883755899730223
1398,0.002931519794318805
1399,0.016189928723410584
1400,0.0006603986885507273
1401,0.0003988461572173714
1402,0.6282386996293395
1403,0.8270704183529486
1404,8.8410940874466e-06
1405,0.00025628086330759745
1406,0.0011857838312034053
1407,0.0007922087864058527
1408,0.00012948171558549562
1409,0.9880530616438369
1410,0.00041646656863600736
1411,0.0012893669229492924
1412,0.004117780062770339
1413,0.0004133878619527622
1414,0.5979875899678627
1415,0.0005082014675899916
1416,0.05230153605422596
1417,0.003776820623346438
1418,0.4713357494007643
1419,0.7373883522799773
1420,0.011558353579390411
1421,0.28448914570497236
1422,0.2738344823991028
1423,0.02365478799486442
1424,0.12133882351148319
1425,0.39020459893964665
1426,0.00018340711698141453
1427,0.4149349866881906
1428,0.0005585863964725971
1429,0.16390226772266855
1430,0.0008081077524073534
1431,0.0026600303404548495
1432,2.4597227316979627e-05
1433,0.00015965807641807114
1434,0.05292413352294011
1435,0.00657917081347659
1436,0.13312002590625893
1437,0.07776697196319694
1438,0.003997401336927978
1439,0.001869396963001298
1440,0.00047400152037385034
1441,0.00021904888565006707
1442,0.2536340392622216
1443,0.08828248647750843
1444,0.808330798623595
1445,0.013490925809080288
1446,0.5308162375760653
1447,0.002565819022802694
1448,0.00011664568276014832
1449,0.2739054733859421
1450,0.000372479305786074
1451,0.00042248335855295737
1452,0.007214596075881429
1453,0.003426572326806013
1454,0.00038227381359031093
1455,0.6404833658039623
1456,0.0013758611412768842
1457,0.00477573094122596
1458,0.00023534521872983414
1459,0.9797976568717955
1460,0.0032107830738335227
1461,0.0026752329643302706
1462,0.00857759675872461
1463,0.9861743847705013
1464,0.9098536560311788
1465,0.7999390971246857
1466,0.0003659905829756184
1467,0.00035312919551706585
1468,0.040718094766338794
1469,0.00040116598627213995
1470,0.0007575447024888248
1471,0.0021749145078165076
1472,0.0009577323124797413
1473,0.00022131243051620633
1474,7.583992428957605e-05
1475,0.001591122000814746
1476,0.01820052675722967
1477,0.0036336730594440578
1478,0.004134748804736878
1479,0.0017445048794721783
1480,0.0002246035095161915
1481,0.0008127655345871493
1482,0.006027409505774968
1483,2.3423262094184896e-05
1484,0.6614666281489378
1485,0.8524581676602909
1486,0.0007922087864058527
1487,0.8372462247267065
1488,0.3510443351601595
1489,6.571018121394201e-05
1490,0.014174315493582905
1491,0.9807371979099446
1492,0.004017462262489819
1493,0.009083139945351825
1494,0.0006774019766863365
1495,0.023296123106666174
1496,0.0004229822115677476
1497,0.037340228709711515
1498,0.09241080058564614
1499,0.33575821997268634
1500,0.0001156212546691257
1501,0.008515986036851546
1502,0.00037771708003104696
1503,0.030395717008997684
1504,0.00018211650413246604
1505,0.010449316683745557
1506,0.00024375589422856924
1507,0.0007813594230580033
1508,0.005828814601091921
1509,0.15166699393395128
1510,0.00038887618780042145
1511,0.0007104867958388688
1512,0.000919398093783267
1513,0.003195599302686088
1514,0.00012016731110262346
1515,0.6361582250836746
1516,0.0008594541503983489
1517,0.0016279763747956333
1518,0.6809543191001737
1519,0.00024460783827492504
1520,0.7876839580827734
1521,0.0003292263707893603
1522,0.0004656021983711874
1523,0.823703003883565
1524,0.0022088940961074188
1525,0.7882136283583869
1526,1.8504023412271417e-05
1527,0.0007199282999345098
1528,0.8736078605790311
1529,0.004342851386721964
1530,0.0006340051817924606
1531,9.844448060167415e-05
1532,0.7677244434718207
1533,0.2801015818734752
1534,0.2211087980469867
1535,0.004447408773319669
1536,0.0023311607169210708
1537,0.0927800076901438
1538,0.00022876042941176052
1539,0.07140533344061167
1540,0.000457115897259197
1541,0.9726610768271953
1542,7.078572608032859e-05
1543,0.9810234409436914
1544,0.026032497994370744
1545,0.5324369663643905
1546,0.08341456875877336
1547,0.4084336229141616
1548,0.005306971843913116
1549,0.001063729515290824
1550,0.0006035124856982951
1551,0.0032709221301202174
1552,0.20572194028666063
1553,0.16935863121375574
1554,0.0006174890647078838
1555,0.009293329966222244
1556,0.09593011407884135
1557,0.09281299192600682
1558,0.0037821155459845514
1559,0.7710558483830667
1560,0.6947768851771826
1561,0.0014088034117566797
1562,0.073987405741595
1563,0.001979227664872241
1564,0.0001288258474214385
1565,0.06386832439895204
1566,0.05219625044280151
1567,0.015419797506195536
1568,0.9351315712057993
1569,0.16138560260644222
1570,0.41401331555172854
1571,0.0012703751849570386
1572,4.039943044548935e-05
1573,0.00012844993207427634
1574,0.07716272311604658
1575,0.0011355935050911575
1576,0.018465646763601455
1577,0.006270502023880939
1578,0.0025508612710273665
1579,0.0016745309283861813
1580,0.5850381661154578
1581,0.002490195711933089
1582,0.004423518425161127
1583,0.002330773293927562
1584,0.001729129929789254
1585,0.03167835877689107
1586,0.002405813715431128
1587,0.00045740916162991587
1588,0.0005838164028909133
1589,5.710436051694049e-06
1590,0.0010210557539418114
1591,0.29107126339289585
1592,0.005475620647432676
1593,0.038292208986970735
1594,0.0008492441909929837
1595,0.00010440607208072686
1596,0.00037977722868684537
1597,0.22064466335256938
1598,0.2239725360455202
1599,0.43776076271700887
1600,0.3842565269888208
1601,0.016604995074344656
1602,0.0030624942990249517
1603,0.06923497813982313
1604,3.9973543527794094e-05
1605,1.2752888836050301e-05
1606,0.018112574405119583
1607,9.339566102419173e-05
1608,0.9026030672482217
1609,0.5126724688254006
1610,0.020868029158070442
1611,0.05977383823610697
1612,0.47679308289566125
1613,0.04324229125276052
1614,0.2062084638403822
1615,0.11491950675685286
1616,0.7519402390499702
1617,0.7674578780100735
1618,0.9943672419123997
1619,0.9997099390014056
1620,0.08444718952308228
1621,0.5196105030610715
1622,0.4381867735515359
1623,0.6818999963088402
1624,0.20169972443966216
1625,0.42247980433732546
1626,0.5087942141743166
1627,0.1909815094767721
1628,0.9931216976847496
1629,0.801157955232342
1630,0.13963493286738782
1631,0.2465736765194877
1632,0.043510629691917484
1633,0.4341912964047008
1634,0.2795397814159351
1635,0.38498393368705025
1636,0.8364789509562816
1637,0.8425493154097055
1638,0.8307748639953296
1639,0.8425493154097055
1640,0.9914887994402269
1641,0.21703100286915655
1642,0.032361556206252994
1643,0.4812546818215758
1644,0.931577915879518
1645,0.8508619463300054
1646,0.9973715586822726
1647,0.15405758055541952
1648,0.00022472342494547304
1649,0.0007217187351342889
1650,0.00039510348914987685
1651,0.0004752899359312712
1652,0.0011059538733440006
1653,0.0020397116228539703
1654,0.0007406890307000092
1655,0.0010344367363829738
1656,0.0004296818348425442
1657,0.00034402237254554756
1658,0.002847323702445153
1659,0.00471754324663799
1660,0.0010896197977012258
1661,0.0016355983972059093
1662,0.7369117040529912
1663,0.48732759284623317
1664,0.0016355983972059093
1665,0.47944732360933784
1666,0.005202458938465843
1667,0.0021362797705983204
1668,0.7297025802215191
1669,0.0009663796804225265
1670,0.17952320067399394
1671,0.002230950053218426
1672,0.09242011826650515
1673,0.006932903882598804
1674,0.2777087541734969
1675,0.0005229332429940748
1676,0.1410747228644977
1677,0.00025533004785458467
1678,0.5382251089614231
1679,0.0007445005590658987
1680,0.002361747235311355
1681,0.0010695815515653422
1682,0.3231830686791531
1683,0.0019428503068934912
1684,0.0016004476183090197
1685,0.00019269268077271173
1686,0.017026224947480337
1687,0.10896356638591831
1688,0.32314031373211477
1689,0.28104292768044964
1690,0.20149854117019675
1691,0.14141462177211964
1692,0.9908692575714849
1693,0.2842685585961972
1694,0.5802154992075194
1695,0.15082184005125365
1696,0.008651397363774849
1697,0.9448967847992226
1698,0.8080802117820033
1699,0.6663494581701697
1700,0.2570758125157415
1701,0.8945192966885055
1702,0.9712569917998137
1703,0.5978094383226777
1704,0.21499172928211988
1705,0.23355807330539038
1706,0.3115252311736466
1707,0.8933825680094635
1708,0.6892245206073669
1709,0.3946419188598643
1710,0.1785409139591061
1711,0.8952047789286732
1712,0.5353536289650145
1713,0.963052540387377
1714,0.4565875113343172
1715,0.7241104590345372
1716,0.7822719537861201
1717,0.37901101764498574
1718,0.16424950828411075
1719,0.3203700561093228
1720,0.4064739142658184
1721,0.572819967101559
1722,0.03420120326478715
1723,0.7938914938728344
1724,0.2901938542578018
1725,0.08567140567326348
1726,0.6576109555617098
1727,0.18267343304270708
1728,0.22166227959454823
1729,0.005021631871900229
1730,0.49535880065477667
1731,0.4823072679964545
1732,0.4415905089380917
1733,0.6717454482374282
1734,0.2701875115180741
1735,0.7024742582855935
1736,0.8652697409667539
1737,0.17803702881340436
1738,0.8609347550208496
1739,0.4417562173031271
1740,0.13738852707425922
1741,0.9983408110463887
1742,0.40365718167082987
1743,0.7303179419403235
1744,0.03663817389505691
1745,0.45862072107175994
1746,0.7976015666744414
1747,0.8627611787965884
1748,0.0038557916365898025
1749,0.6095817683673669
1750,0.9920488599053273
1751,0.8821655450445682
1752,0.5246590123209974
1753,0.13826882956031813
1754,0.6275015332351012
1755,0.5992354196085906
1756,0.9706243070023889
1757,0.6437297134815535
1758,0.9698864272385602
1759,0.647287207150616
1760,0.6224783917351301
1761,0.0830200706483537
1762,0.5784582631954788
1763,0.02602494646953201
1764,0.081028779049522
1765,0.36399097753614873
1766,0.36399097753614873
1767,0.8335238338314734
1768,0.6979178646978478
1769,0.30206177838159165
1770,0.34424333448008965
1771,0.34424333448008965
1772,0.3440060761288461
1773,0.7009305967541394
1774,0.26561055685481266
1775,0.4638885395033543
1776,0.9863268680682074
1777,0.018248690107400038
1778,0.830030968764172
1779,0.14446912931155279
1780,0.0004547675106268688
1781,0.03335930387769256
1782,0.9539885040352682
1783,0.20162334704483081
1784,0.9885130632708856
1785,0.46505325630610106
1786,0.9951017227291581
1787,0.891534922832378
1788,1.0628128916317075e-05
1789,4.390437863601584e-06
1790,0.36484592003620336
1791,0.9237568679275069
1792,0.004762050732725515
1793,0.2939715863928239
1794,0.9623214208726101
1795,0.24750727948156367
1796,0.04780132766629207
1797,0.9136076889374397
1798,0.6416475721135723
1799,0.089829513977981
1800,0.443158999950805
1801,0.8492542750923873
1802,0.4371647926518874
1803,0.9165992765066926
1804,0.4819307997090494
1805,0.9799523945894951
1806,0.835830848115435
1807,0.9129063908401485
1808,0.023536604886368055
1809,0.8577711189163578
1810,0.4810484851848753
1811,0.7129643270289099
1812,0.0008710988402744289
1813,0.7062255311022014
1814,0.004298504667050909
1815,0.0015686261007713627
1816,0.3587399717881125
1817,0.10650381630495136
1818,0.739401366065866
1819,0.6656733554687817
1820,0.5586512557091302
1821,0.8221864348463236
1822,0.7489395315864591
1823,0.018632776949945234
1824,0.00023039933898328128
1825,0.9701993944501255
1826,0.11476773933999569
1827,0.9821632339963099
1828,0.7125066679363997
1829,0.959862326591808
1830,0.00047343923228116677
1831,0.0028212612311675224
1832,0.5770423001749354
1833,0.0037206898940728606
1834,0.31426251471750266
1835,0.9481011798848145
1836,0.00018100653283197656
1837,0.00020528140508655173
1838,0.004005438760247398
1839,0.005882419108194294
1840,0.00011743086594136544
1841,0.8735978733120399
1842,0.9285915881243244
1843,0.4658464381790812
1844,0.9942042367441752
1845,0.10264738747092063
1846,0.8370129094867118
1847,0.23059105628771417
1848,0.07084917076305818
1849,0.0017832835415594957
1850,0.04512632499931123
1851,0.00013295189430736568
1852,0.0018947119016860668
1853,0.33784363013695407
1854,0.0030613435930493035
1855,0.007114390788549717
1856,0.002488705267894451
1857,0.4950500699559424
1858,0.22183983701756052
1859,0.18940698188145508
1860,0.7321133563493829
1861,0.5044096320818007
1862,0.6696810241018026
1863,0.22791018100490423
1864,0.6064044566025241
1865,0.05200618884616232
1866,0.6265267924783976
1867,0.1483298093841773
1868,0.7215474638505475
1869,0.6526605100163513
1870,0.0866317842382259
1871,0.02331963062100923
1872,0.010266920623731237
1873,0.01644397204826542
1874,0.027430434239247056
1875,0.2238057936649092
1876,0.027758668420081737
1877,0.4583862210999208
1878,0.9019198459239093
1879,0.20440911287862643
1880,0.5873469600180159
1881,0.008063993021039335
1882,0.9393092059473938
1883,0.36531118739034263
1884,0.7466824819228157
1885,0.25704989961629454
1886,0.5003496239240516
1887,0.1196646549494816
1888,0.8343103051750093
1889,0.5852563073212603
1890,0.3293642620024508
1891,0.90931599865613
1892,0.8962996835959842
1893,0.03242958177229468
1894,0.8554191626023441
1895,0.9952982658368809
1896,0.2353021331274531
1897,0.717322994992289
1898,0.7314167764927565
1899,0.717322994992289
1900,0.969118539618956
1901,0.6605988227747035
1902,0.9270931029520104
1903,0.7725769707252721
1904,0.45604286291781604
1905,0.7862670160586841
1906,0.013210824273788493
1907,0.3222801304515723
1908,0.8683067171061969
1909,0.2401444154337863
1910,0.8981708074620856
1911,0.9236745937499201
1912,0.09674616370824089
1913,0.72449660020179
1914,0.7190124206270524
1915,0.5186884710608375
1916,0.5993327653993977
1917,0.07814118247729285
1918,0.5632554594627632
1919,0.26732753385995933
1920,0.6034465490863611
1921,0.6339479732567833
1922,0.0033379831596998372
1923,0.3683862798302061
1924,0.01796864255009516
1925,0.5461338290409166
1926,0.3479303356478722
1927,0.2295191988103567
1928,0.3115768180739594
1929,0.6448856293804145
1930,0.7844097238959907
1931,0.7982080551023307
1932,0.9541492264977405
1933,0.0988860999030855
1934,0.08733741440445929
1935,0.3717399796567978
1936,0.519365955798693
1937,0.9173323542600406
1938,0.9054366713413737
1939,0.7343269609187684
1940,0.4325156421160827
1941,0.03528321544753004
1942,0.6530821846111554
1943,0.40436572158769735
1944,0.7883922227705105
1945,0.0055174752592805545
1946,0.38917498401285655
1947,0.726129155345334
1948,0.6781329689995674
1949,0.7409935041784328
1950,0.1185014937709071
1951,0.45128848950612427
1952,0.22476831094226765
1953,0.07196120177066566
1954,0.6529795140940806
1955,0.4044883040579369
1956,0.003665314630348104
1957,0.016239886236055795
1958,0.9204880015539336
1959,0.4473854119944341
1960,0.18709688483050205
1961,0.7973465191201404
1962,0.1601687967235603
1963,0.20475364684576824
1964,0.7585820704280618
1965,0.997946709917453
1966,0.15134607662942395
1967,0.19868810479043134
1968,0.5170018521122095
1969,0.20745005142756193
1970,0.7400878968077712
1971,0.9684303768334365
1972,0.4780466470272528
1973,0.29692124132709485
1974,0.24276227117058335
1975,0.134845002420607
1976,0.9069727589511755
1977,0.04368901290761477
1978,0.9909658896584812
1979,0.9807886889023607
1980,0.4088252781830402
1981,0.7992537504539055
1982,0.5760656369698742
1983,0.5336250802681923
1984,0.4243591154877973
1985,0.1303443961109496
1986,0.851627132118634
1987,0.22356764460303907
1988,0.6670659557161945
1989,0.5330367776755247
1990,0.27871174061002685
1991,0.2411881289897935
1992,0.9558295812699589
1993,0.9952380478205427
1994,0.8506732705453628
1995,0.385021937609855
1996,0.9600440162418028
1997,0.8224537345621864
1998,0.3522084620133874
1999,0.294668145040361
2000,0.5375580113573786
2001,0.6694412691276643
2002,0.5711004713860632
2003,0.6473841187908186
2004,0.15646385294614218
2005,0.6393091946033209
2006,0.87059225116166
2007,0.7616101080697825
2008,0.5379613066916284
2009,0.03220624828659523
2010,0.8697467623280027
2011,0.9787331918157824
2012,0.39562890887310825
2013,0.9980278415797956
2014,0.9187675130738915
2015,0.6695206352646467
2016,0.9566949727560679
2017,0.969073057550871
2018,0.7417462057969901
2019,0.9480995023276942
2020,0.02774103767155514
2021,0.5413968387486418
2022,0.46194241168950795
2023,0.9986926833023578
2024,0.7695795979451034
2025,0.48408174041945895
2026,0.007415372022611782
2027,0.00048143361883429893
2028,0.010289923501555576
2029,0.8036343365682229
2030,0.9069569846907243
2031,0.7591940521519287
2032,0.8147035921379279
2033,0.9313219342792022
2034,0.8673445641353162
2035,0.009505338506603653
2036,0.009226913330261105
2037,0.002003704464762438
2038,0.001315656587043922
2039,0.004990713103101751
2040,0.6227919406289648
2041,0.006476797934892894
2042,0.12513190029788063
2043,0.9651065663035727
2044,0.9848876138167154
2045,5.3611399375138245e-05
2046,0.00718283700694243
2047,0.11151487325839686
2048,0.6764030281860721
2049,0.02562096279915578
2050,0.0014006420060204386
2051,0.5500529592648133
2052,0.9986633529612348
2053,0.00014178874195333807
2054,0.13479399179272825
2055,0.031356096830220934
2056,0.001092036796597822
2057,0.9998524384631652
2058,0.9277914621889882
2059,0.0006039539419741153
2060,0.10362407442248696
2061,5.3171896479489475e-05
2062,7.406785185072241e-05
2063,0.3587992943590988
2064,0.6613096702073712
2065,0.0059295969735435865
2066,0.003997041037891061
2067,0.3154547739416348
2068,0.8956241448976101
2069,0.00016442390138644898
2070,0.8043592880084329
2071,0.40407930596584946
2072,0.5475488233008454
2073,1.659100665240538e-05
2074,0.0018602492722264257
2075,0.5573126903435907
2076,0.08132405193608663
2077,6.19083610478582e-05
2078,0.3080343088620396
2079,0.4320044698189858
2080,0.9224456596370713
2081,0.08252192616615625
2082,0.07512139590833082
2083,0.06723455447698136
2084,0.3691932214944186
2085,0.3197656608331704
2086,0.533082993043846
2087,0.5640837454444195
2088,0.4607707254716978
2089,0.33725230192340133
2090,0.0068808170390599445
2091,0.8075035347117713
2092,0.4108839445050854
2093,0.45699331645055646
2094,0.7280946494682675
2095,0.899718271313512
2096,0.11891501577326373
2097,0.42431414736020484
2098,0.41093894122978447
2099,0.7458938888238112
2100,0.7718828089697035
2101,0.18500019207841098
2102,0.0102486030589668
2103,0.051652818807984474
2104,0.20598211439169514
2105,0.07032380993521577
2106,0.003482397085087387
2107,0.010660585111322505
2108,0.026372627554550932
2109,0.0016283655106190962
2110,0.021963522157285007
2111,0.01298761209022606
2112,0.9848695701048481
2113,0.998305459212201
2114,0.16251274341110702
2115,0.9075866726694278
2116,0.9664174203100929
2117,0.1629774687293983
2118,0.003039695254548978
2119,0.0618175140796963
2120,0.44656313946564286
2121,0.9984987874485586
2122,0.2718634883439904
2123,0.6252405033169335
2124,0.4987622647262835
2125,0.48828969795055155
2126,0.1813311353056982
2127,0.7721529085149601
2128,0.6180156528798271
2129,0.9709607333473681
2130,0.6175649487619931
2131,0.04760359036322105
2132,0.7705404944464959
2133,0.34818427697590026
2134,0.0008839936697167656
2135,0.29668402357462276
2136,0.12307011206208507
2137,0.2483838284553997
2138,0.05935790709425526
2139,0.15857374108535002
2140,0.33118137021788663
2141,0.7104997597723799
2142,0.060209833265704546
2143,0.9960286836014338
2144,0.5409533740443283
2145,0.7003464986763281
2146,0.8445782101241098
2147,0.9447108533637179
2148,0.7644346104794163
2149,0.9743162020465883
2150,0.9928074935406248
2151,0.30535385783406077
2152,0.8261641506681622
2153,0.6581465663124708
2154,0.001232341523107104
2155,0.2711562620327325
2156,0.6091649537820452
2157,0.6966472909037204
2158,0.7656203127857312
2159,0.9846761975680974
2160,0.6434663105073455
2161,0.28790850562116505
2162,0.0003069909589260947
2163,0.7720512786212703
2164,0.3892517966229776
2165,0.4685562145377719
2166,0.5278956758429595
2167,0.001479382381134527
2168,0.007930867988962307
2169,0.0014027155854885185
2170,0.003313210075800168
2171,0.5421485476976701
2172,0.9947795185853111
2173,0.8540663754372166
2174,0.813956847942749
2175,0.784127252113363
2176,0.1430881229681127
